uid,height,weight,gender,bmi,age
01,1.62,52,1,19.81405274,26
02,1.64,54,1,20.07733492,24
05,1.8,60,-1,18.51851852,24
06,1.68,62,-1,21.96712018,29
07,1.71,64,-1,21.88707637,27
08,1.77,90,-1,28.72737719,28