ID,env_temp,rh,heart_rate,stress_level,skin_temp,eda,Clo,Act,TC
4,24.79777778,57.162,74.96703297,37.32394366,32.14583908,0.267614587,0.54,1,3
5,27.96111111,41.13,69,14,31.719,1.906977,0.31,1,5
10,24.835,60.04,76.58208955,25.98245614,30.008,20.3838785,0.31,2.5,3
12,25.08888889,53.862,98,79,31.45639362,0.0309345,0.61,1.8,4
14,24.65277778,53.962,86,57,31.7669863,0.019934,0.54,1,2
22,25.67111111,23.458,78,38,31.77933898,0.0342905,0.57,1,4
